ship_country,avg(freight)
Austria,184.787500619
Ireland,145.012629
USA,112.87942658734427
